{
  "scaler_X": {
    "min": [0, 0, 0.01, 22.56, 60.4, 0, 0, 0.01, 0.01, 0, -1, -1, 0, 0, 0, 0],
    "scale": [0.000213583938487825, 0.000223363859727496, 0.0537923614846692, 0.161550888529887, 0.0323415265200518, 0.000213583938487825, 0.000213583938487825, 0.0537923614846692, 0.0537923614846692, 0.00000100298991293, 0.5, 0.5, 0.000218292949137742, 0.000218292949137742, 0.000213583938487825, 0.000213583938487825]
  },
  "scaler_Y": {
    "min": [0],
    "scale": [0.000037165367675124]
  }
}